{"name":"c80d9abc-3687-43dd-ab46-059786cfe316","id":"/providers/Microsoft.Flow/flows/c80d9abc-3687-43dd-ab46-059786cfe316","type":"Microsoft.Flow/flows","properties":{"apiId":"/providers/Microsoft.PowerApps/apis/shared_logicflows","displayName":"Approvals Demo","definition":{"metadata":{"workflowEntityId":null,"processAdvisorMetadata":null,"flowclientsuspensionreason":"None","flowclientsuspensiontime":null,"flowclientsuspensionreasondetails":null,"creator":{"id":"02542a63-8b58-4605-97c7-393f1020a1da","type":"User","tenantId":"6d68c0d7-dec9-4888-bc7a-772f73544415"},"provisioningMethod":"FromDefinition","failureAlertSubscription":true,"clientLastModifiedTime":"2022-07-13T17:48:56.4110973Z"},"$schema":"https://schema.management.azure.com/providers/Microsoft.Logic/schemas/2016-06-01/workflowdefinition.json#","contentVersion":"1.0.0.0","parameters":{"$connections":{"defaultValue":{},"type":"Object"},"$authentication":{"defaultValue":{},"type":"SecureObject"}},"triggers":{"manual":{"metadata":{"operationMetadataId":"10be6fbd-2bd8-4a41-b07b-0e7e83db2ce9"},"type":"Request","kind":"Button","inputs":{"schema":{"type":"object","properties":{},"required":[]}}}},"actions":{"Condition":{"actions":{"Compose":{"runAfter":{},"metadata":{"operationMetadataId":"72636f1b-20ef-4873-affd-1a5c3e9e013c"},"type":"Compose","inputs":"Approved or Onhold"}},"runAfter":{"Wait_for_an_approval":["Succeeded"]},"else":{"actions":{"Compose_2":{"runAfter":{},"metadata":{"operationMetadataId":"5fd7372c-f143-42ec-a155-e89ae4f8127b"},"type":"Compose","inputs":"Rejeccted"}}},"expression":{"equals":["@outputs('Wait_for_an_approval')?['body/outcome']","Approve"]},"metadata":{"operationMetadataId":"94ad148c-0788-4c44-baf1-0a434ec36fe8"},"type":"If"},"Create_an_approval":{"runAfter":{},"metadata":{"operationMetadataId":"d4a8054f-54ed-4ee1-ab37-95943f6e85e9"},"type":"OpenApiConnection","inputs":{"host":{"apiId":"/providers/Microsoft.PowerApps/apis/shared_approvals","connectionName":"shared_approvals","operationId":"CreateAnApproval"},"parameters":{"approvalType":"Basic","ApprovalCreationInput/title":"Create an Approval Demo","ApprovalCreationInput/assignedTo":"AlexW@vvy62.onmicrosoft.com;mym365admin@vvy62.onmicrosoft.com;","ApprovalCreationInput/enableNotifications":true,"ApprovalCreationInput/enableReassignment":true},"authentication":{"value":"@json(decodeBase64(triggerOutputs().headers['X-MS-APIM-Tokens']))['$ConnectionKey']","type":"Raw"}}},"Post_adaptive_card_in_a_chat_or_channel":{"runAfter":{"Create_an_approval":["Succeeded"]},"metadata":{"operationMetadataId":"b78fcd02-19af-4b17-8fc6-81ddc92d8b67"},"type":"OpenApiConnection","inputs":{"host":{"apiId":"/providers/Microsoft.PowerApps/apis/shared_teams","connectionName":"shared_teams","operationId":"PostCardToConversation"},"parameters":{"poster":"Flow bot","location":"Chat with Flow bot","body/recipient":"mym365admin@vvy62.onmicrosoft.com;","body/messageBody":"@outputs('Create_an_approval')?['body/adaptiveCard']"},"authentication":{"value":"@json(decodeBase64(triggerOutputs().headers['X-MS-APIM-Tokens']))['$ConnectionKey']","type":"Raw"}}},"Wait_for_an_approval":{"runAfter":{"Post_adaptive_card_in_a_chat_or_channel":["Succeeded"]},"metadata":{"operationMetadataId":"dcb57113-8578-44e2-9553-a0def16eca1a"},"type":"OpenApiConnectionWebhook","inputs":{"host":{"apiId":"/providers/Microsoft.PowerApps/apis/shared_approvals","connectionName":"shared_approvals","operationId":"WaitForAnApproval"},"parameters":{"approvalName":"@outputs('Create_an_approval')?['body/name']"},"authentication":{"value":"@json(decodeBase64(triggerOutputs().headers['X-MS-APIM-Tokens']))['$ConnectionKey']","type":"Raw"}}}}},"connectionReferences":{"shared_approvals":{"connectionName":"shared-approvals-4149343d-1bc2-4975-89bd-567cddfb90d9","source":"Invoker","id":"/providers/Microsoft.PowerApps/apis/shared_approvals","tier":"NotSpecified"},"shared_teams":{"connectionName":"shared-teams-cec3d2a5-c1aa-4d93-80ba-3c0a1c561b99","source":"Invoker","id":"/providers/Microsoft.PowerApps/apis/shared_teams","tier":"NotSpecified"}},"flowFailureAlertSubscribed":false,"isManaged":false}}