{"name":"7ba35611-e305-4d48-ba4f-e3016459d346","id":"/providers/Microsoft.Flow/flows/7ba35611-e305-4d48-ba4f-e3016459d346","type":"Microsoft.Flow/flows","properties":{"apiId":"/providers/Microsoft.PowerApps/apis/shared_logicflows","displayName":"TravelRequestConditionalFlow","definition":{"metadata":{"workflowEntityId":null,"processAdvisorMetadata":null,"flowclientsuspensionreason":"None","flowclientsuspensiontime":null,"flowclientsuspensionreasondetails":null,"creator":{"id":"02542a63-8b58-4605-97c7-393f1020a1da","type":"User","tenantId":"6d68c0d7-dec9-4888-bc7a-772f73544415"},"provisioningMethod":"FromDefinition","failureAlertSubscription":true,"clientLastModifiedTime":"2022-07-16T10:07:26.171126Z"},"$schema":"https://schema.management.azure.com/providers/Microsoft.Logic/schemas/2016-06-01/workflowdefinition.json#","contentVersion":"1.0.0.0","parameters":{"$connections":{"defaultValue":{},"type":"Object"},"$authentication":{"defaultValue":{},"type":"SecureObject"}},"triggers":{"When_an_item_is_created":{"recurrence":{"frequency":"Minute","interval":5},"splitOn":"@triggerOutputs()?['body/value']","metadata":{"operationMetadataId":"a99548b0-4e8d-4896-9cc2-cbc2730eac49"},"type":"OpenApiConnection","inputs":{"host":{"apiId":"/providers/Microsoft.PowerApps/apis/shared_sharepointonline","connectionName":"shared_sharepointonline","operationId":"GetOnNewItems"},"parameters":{"dataset":"https://vvy62.sharepoint.com/sites/LAB-Exercises","table":"ec22e1e9-5c8e-41f3-beeb-9c2a8425cfe2"},"authentication":"@parameters('$authentication')"}}},"actions":{"Manager_Approval_Condition":{"actions":{"Get_manager_(V2)":{"runAfter":{},"metadata":{"operationMetadataId":"208024fa-4302-4a02-b0a3-ce631e25ea2e"},"type":"OpenApiConnection","inputs":{"host":{"apiId":"/providers/Microsoft.PowerApps/apis/shared_office365users","connectionName":"shared_office365users","operationId":"Manager_V2"},"parameters":{"id":"@triggerOutputs()?['body/Author/Email']"},"authentication":"@parameters('$authentication')"}},"Update_item":{"runAfter":{"Get_manager_(V2)":["Succeeded"]},"metadata":{"operationMetadataId":"7ee1dcff-a4a3-4ff6-bedd-552d30974b0b"},"type":"OpenApiConnection","inputs":{"host":{"apiId":"/providers/Microsoft.PowerApps/apis/shared_sharepointonline","connectionName":"shared_sharepointonline","operationId":"PatchItem"},"parameters":{"dataset":"https://vvy62.sharepoint.com/sites/LAB-Exercises","table":"ec22e1e9-5c8e-41f3-beeb-9c2a8425cfe2","id":"@triggerOutputs()?['body/ID']","item/Title":"@triggerOutputs()?['body/Title']","item/ApprovalStatus/Value":"Pending Approval For Manager","item/ApprovalComments":"Manager Approval Pending - @{outputs('Get_manager_(V2)')?['body/displayName']}"},"authentication":"@parameters('$authentication')"}},"Start_and_wait_for_an_approval":{"runAfter":{"Update_item":["Succeeded"]},"metadata":{"operationMetadataId":"2b75f5b4-9702-4cae-bb91-b3e122d1db97"},"type":"OpenApiConnectionWebhook","inputs":{"host":{"apiId":"/providers/Microsoft.PowerApps/apis/shared_approvals","connectionName":"shared_approvals","operationId":"StartAndWaitForAnApproval"},"parameters":{"approvalType":"Basic","WebhookApprovalCreationInput/title":"@{outputs('Update_item')?['body/Title']} Approval Request by @{outputs('Update_item')?['body/Author/DisplayName']}","WebhookApprovalCreationInput/assignedTo":"@{outputs('Get_manager_(V2)')?['body/mail']};","WebhookApprovalCreationInput/details":"@{outputs('Update_item')?['body/Title']}\n@{outputs('Update_item')?['body/TravelPurpose']}","WebhookApprovalCreationInput/itemLink":"@outputs('Update_item')?['body/{Link}']","WebhookApprovalCreationInput/itemLinkDescription":"@outputs('Update_item')?['body/Title']","WebhookApprovalCreationInput/enableNotifications":true,"WebhookApprovalCreationInput/enableReassignment":true},"authentication":"@parameters('$authentication')"}},"Condition_2":{"actions":{"Apply_to_each":{"foreach":"@outputs('Start_and_wait_for_an_approval')?['body/responses']","actions":{"Update_item_2":{"runAfter":{},"metadata":{"operationMetadataId":"33a52438-7b6b-43e0-94ca-403f08e2f56a"},"type":"OpenApiConnection","inputs":{"host":{"apiId":"/providers/Microsoft.PowerApps/apis/shared_sharepointonline","connectionName":"shared_sharepointonline","operationId":"PatchItem"},"parameters":{"dataset":"https://vvy62.sharepoint.com/sites/LAB-Exercises","table":"ec22e1e9-5c8e-41f3-beeb-9c2a8425cfe2","id":"@triggerOutputs()?['body/ID']","item/Title":"@triggerOutputs()?['body/Title']","item/ApprovalStatus/Value":"Pending Approval For HR","item/ApprovalComments":"Approved By - @{outputs('Get_manager_(V2)')?['body/displayName']}\n@{items('Apply_to_each')?['comments']}"},"authentication":"@parameters('$authentication')"}}},"runAfter":{},"metadata":{"operationMetadataId":"89b95142-c176-431f-bb59-020bba31f0e7"},"type":"Foreach"}},"runAfter":{"Start_and_wait_for_an_approval":["Succeeded"]},"else":{"actions":{"Apply_to_each_2":{"foreach":"@outputs('Start_and_wait_for_an_approval')?['body/responses']","actions":{"Update_item_3":{"runAfter":{},"metadata":{"operationMetadataId":"91f3ed1c-42d2-4980-bc4a-36960a401209"},"type":"OpenApiConnection","inputs":{"host":{"apiId":"/providers/Microsoft.PowerApps/apis/shared_sharepointonline","connectionName":"shared_sharepointonline","operationId":"PatchItem"},"parameters":{"dataset":"https://vvy62.sharepoint.com/sites/LAB-Exercises","table":"ec22e1e9-5c8e-41f3-beeb-9c2a8425cfe2","id":"@triggerOutputs()?['body/ID']","item/Title":"@triggerOutputs()?['body/Title']","item/ApprovalStatus/Value":"Rejected","item/ApprovalComments":"Rejected By Manager - @{outputs('Get_manager_(V2)')?['body/displayName']}\n@{items('Apply_to_each_2')?['comments']}"},"authentication":"@parameters('$authentication')"}},"Set_variable":{"runAfter":{"Update_item_3":["Succeeded"]},"metadata":{"operationMetadataId":"176f40f7-749f-4c84-a8de-cd096d1392b3"},"type":"SetVariable","inputs":{"name":"varHRApproval","value":"@false"}}},"runAfter":{},"metadata":{"operationMetadataId":"1c9b505b-71b6-48f8-865e-3c9463312590"},"type":"Foreach"}}},"expression":{"equals":["@outputs('Start_and_wait_for_an_approval')?['body/outcome']","Approve"]},"metadata":{"operationMetadataId":"5b8bb18c-7375-41d2-b3ee-3c30e7364a3c"},"type":"If"}},"runAfter":{"HR_Approval":["Succeeded"]},"else":{"actions":{"Update_item_6":{"runAfter":{},"metadata":{"operationMetadataId":"f6f29e06-5df7-4611-8367-48e4dbd205e9"},"type":"OpenApiConnection","inputs":{"host":{"apiId":"/providers/Microsoft.PowerApps/apis/shared_sharepointonline","connectionName":"shared_sharepointonline","operationId":"PatchItem"},"parameters":{"dataset":"https://vvy62.sharepoint.com/sites/LAB-Exercises","table":"ec22e1e9-5c8e-41f3-beeb-9c2a8425cfe2","id":"@triggerOutputs()?['body/ID']","item/Title":"@triggerOutputs()?['body/Title']","item/ApprovalStatus/Value":"Pending Approval For HR","item/ApprovalComments":"Pending HR Approval"},"authentication":"@parameters('$authentication')"}}}},"expression":{"greater":["@triggerOutputs()?['body/EstimatedFare']",500]},"metadata":{"operationMetadataId":"b076d3aa-7dd9-4e20-8074-19492aad5c9a"},"type":"If"},"HR_Approval":{"runAfter":{},"metadata":{"operationMetadataId":"7d2572ee-1d2f-41e9-9ad0-7ffbc5d9ef36"},"type":"InitializeVariable","inputs":{"variables":[{"name":"varHRApproval","type":"boolean","value":"@true"}]}},"HR_Approval_Condition":{"actions":{"Start_and_wait_for_an_approval_2":{"runAfter":{},"metadata":{"operationMetadataId":"25a1126c-2020-4eb2-b305-74e7c561970c"},"type":"OpenApiConnectionWebhook","inputs":{"host":{"apiId":"/providers/Microsoft.PowerApps/apis/shared_approvals","connectionName":"shared_approvals","operationId":"StartAndWaitForAnApproval"},"parameters":{"approvalType":"Basic","WebhookApprovalCreationInput/title":"HR Approval Request For @{outputs('Update_item')?['body/Title']}","WebhookApprovalCreationInput/assignedTo":"AlexW@vvy62.onmicrosoft.com;","WebhookApprovalCreationInput/details":"@{outputs('Update_item')?['body/Title']}\n@{outputs('Update_item')?['body/TravelPurpose']}","WebhookApprovalCreationInput/itemLink":"@outputs('Update_item')?['body/{Link}']","WebhookApprovalCreationInput/itemLinkDescription":"@outputs('Update_item')?['body/Title']","WebhookApprovalCreationInput/enableNotifications":true,"WebhookApprovalCreationInput/enableReassignment":true},"authentication":"@parameters('$authentication')"}},"Condition_3":{"actions":{"Apply_to_each_3":{"foreach":"@outputs('Start_and_wait_for_an_approval_2')?['body/responses']","actions":{"Update_item_4":{"runAfter":{},"metadata":{"operationMetadataId":"04ed90ea-9679-4e0e-aa41-d60399e36eb0"},"type":"OpenApiConnection","inputs":{"host":{"apiId":"/providers/Microsoft.PowerApps/apis/shared_sharepointonline","connectionName":"shared_sharepointonline","operationId":"PatchItem"},"parameters":{"dataset":"https://vvy62.sharepoint.com/sites/LAB-Exercises","table":"ec22e1e9-5c8e-41f3-beeb-9c2a8425cfe2","id":"@triggerOutputs()?['body/ID']","item/Title":"@triggerOutputs()?['body/Title']","item/ApprovalStatus/Value":"Approved","item/ApprovalComments":"Approved by HR - @{items('Apply_to_each_3')?['responder/displayName']}\n@{items('Apply_to_each_3')?['comments']}"},"authentication":"@parameters('$authentication')"}}},"runAfter":{},"metadata":{"operationMetadataId":"9a1fb061-8936-48fe-9c8a-00647804531e"},"type":"Foreach"}},"runAfter":{"Start_and_wait_for_an_approval_2":["Succeeded"]},"else":{"actions":{"Apply_to_each_4":{"foreach":"@outputs('Start_and_wait_for_an_approval_2')?['body/responses']","actions":{"Update_item_5":{"runAfter":{},"metadata":{"operationMetadataId":"ee1e1fbc-4618-4034-830c-527fcd1dbdf2"},"type":"OpenApiConnection","inputs":{"host":{"apiId":"/providers/Microsoft.PowerApps/apis/shared_sharepointonline","connectionName":"shared_sharepointonline","operationId":"PatchItem"},"parameters":{"dataset":"https://vvy62.sharepoint.com/sites/LAB-Exercises","table":"ec22e1e9-5c8e-41f3-beeb-9c2a8425cfe2","id":"@triggerOutputs()?['body/ID']","item/Title":"@triggerOutputs()?['body/Title']","item/ApprovalStatus/Value":"Rejected","item/ApprovalComments":"Rejected By - @{items('Apply_to_each_4')?['responder/displayName']}\n@{items('Apply_to_each_4')?['comments']}"},"authentication":"@parameters('$authentication')"}}},"runAfter":{},"metadata":{"operationMetadataId":"6f4fe4b2-7139-4dfb-9415-4084693be354"},"type":"Foreach"}}},"expression":{"equals":["@outputs('Start_and_wait_for_an_approval_2')?['body/outcome']","Approve"]},"metadata":{"operationMetadataId":"a8d69d27-c378-45d0-83c6-525ba1cad919"},"type":"If"}},"runAfter":{"Manager_Approval_Condition":["Succeeded"]},"expression":{"equals":["@variables('varHRApproval')","@true"]},"metadata":{"operationMetadataId":"be2a684d-46fe-46c2-910e-5bec65a69113"},"type":"If"}}},"connectionReferences":{"shared_office365users":{"connectionName":"shared-office365user-e8a161b8-b5d4-473c-ac65-f65cfdb2df2a","source":"Embedded","id":"/providers/Microsoft.PowerApps/apis/shared_office365users","tier":"NotSpecified"},"shared_sharepointonline":{"connectionName":"shared-sharepointonl-52e5ca3e-a459-4159-b444-995b91306fe5","source":"Embedded","id":"/providers/Microsoft.PowerApps/apis/shared_sharepointonline","tier":"NotSpecified"},"shared_approvals":{"connectionName":"shared-approvals-4149343d-1bc2-4975-89bd-567cddfb90d9","source":"Embedded","id":"/providers/Microsoft.PowerApps/apis/shared_approvals","tier":"NotSpecified"}},"flowFailureAlertSubscribed":false,"isManaged":false}}