{"name":"78fdf577-f61f-4846-9945-6fe29db00324","id":"/providers/Microsoft.Flow/flows/78fdf577-f61f-4846-9945-6fe29db00324","type":"Microsoft.Flow/flows","properties":{"apiId":"/providers/Microsoft.PowerApps/apis/shared_logicflows","displayName":"ConfigurableFlow-With Reminder and Formatted Details","definition":{"metadata":{"workflowEntityId":null,"processAdvisorMetadata":null,"flowclientsuspensionreason":"None","flowclientsuspensiontime":null,"flowclientsuspensionreasondetails":null,"creator":{"id":"02542a63-8b58-4605-97c7-393f1020a1da","type":"User","tenantId":"6d68c0d7-dec9-4888-bc7a-772f73544415"},"provisioningMethod":"FromDefinition","failureAlertSubscription":true,"clientLastModifiedTime":"2022-07-21T09:49:01.9350637Z"},"$schema":"https://schema.management.azure.com/providers/Microsoft.Logic/schemas/2016-06-01/workflowdefinition.json#","contentVersion":"1.0.0.0","parameters":{"$connections":{"defaultValue":{},"type":"Object"},"$authentication":{"defaultValue":{},"type":"SecureObject"}},"triggers":{"When_an_item_is_created":{"recurrence":{"frequency":"Minute","interval":5},"splitOn":"@triggerOutputs()?['body/value']","metadata":{"operationMetadataId":"1a2128da-cc1e-4fdd-970a-1fc9216b94d1"},"type":"OpenApiConnection","inputs":{"host":{"apiId":"/providers/Microsoft.PowerApps/apis/shared_sharepointonline","connectionName":"shared_sharepointonline","operationId":"GetOnNewItems"},"parameters":{"dataset":"https://vvy62.sharepoint.com/sites/LAB-Exercises","table":"a34e019b-cd32-4130-b8d3-5887e5347870"},"authentication":"@parameters('$authentication')"}}},"actions":{"Get_items":{"runAfter":{},"metadata":{"operationMetadataId":"d55bb461-7427-4198-ba01-326215e17ef0"},"type":"OpenApiConnection","inputs":{"host":{"apiId":"/providers/Microsoft.PowerApps/apis/shared_sharepointonline","connectionName":"shared_sharepointonline","operationId":"GetItems"},"parameters":{"dataset":"https://vvy62.sharepoint.com/sites/LAB-Exercises","table":"b04d1199-47a0-4267-bbce-d5171a1db212","$filter":"Title eq '@{triggerOutputs()?['body/RequestType/Value']}'"},"authentication":"@parameters('$authentication')"}},"ApprovalInformation":{"runAfter":{"Get_items":["Succeeded"]},"metadata":{"operationMetadataId":"20c11b73-f432-433b-9e8b-8d1c4b14db8d"},"type":"Compose","inputs":"@first(outputs('Get_items')?['body/value'])"},"Condition":{"actions":{"Manager_Approval":{"actions":{"Condition_2":{"actions":{"Get_manager_(V2)":{"runAfter":{},"metadata":{"operationMetadataId":"a0c40c78-914d-4754-9ef5-1a43799ef3ad"},"type":"OpenApiConnection","inputs":{"host":{"apiId":"/providers/Microsoft.PowerApps/apis/shared_office365users","connectionName":"shared_office365users","operationId":"Manager_V2"},"parameters":{"id":"@triggerOutputs()?['body/Author/Email']"},"authentication":"@parameters('$authentication')"}},"Update_item_2":{"runAfter":{"Get_manager_(V2)":["Succeeded"]},"metadata":{"operationMetadataId":"0437b3ed-59f5-41a0-a86c-67fd04ae6ab3"},"type":"OpenApiConnection","inputs":{"host":{"apiId":"/providers/Microsoft.PowerApps/apis/shared_sharepointonline","connectionName":"shared_sharepointonline","operationId":"PatchItem"},"parameters":{"dataset":"https://vvy62.sharepoint.com/sites/LAB-Exercises","table":"a34e019b-cd32-4130-b8d3-5887e5347870","id":"@triggerOutputs()?['body/ID']","item/Title":"@triggerOutputs()?['body/Title']","item/ApprovalStatus/Value":"Pending Manager Approval","item/ApprovalComments":"Manager Approval Pending @{outputs('Get_manager_(V2)')?['body/displayName']}","item/ApprovalPendingSince":"@utcNow()","item/ApprovalHistory":"🛸Approval Started By @{triggerOutputs()?['body/Author/DisplayName']}\n⌚Approval Started at @{convertFromUtc(triggerOutputs()?['body/Created'],'India Standard Time','g')}"},"authentication":"@parameters('$authentication')"}},"Condition_3":{"actions":{"Apply_to_each":{"foreach":"@outputs('Wait_for_an_approval_2')?['body/responses']","actions":{"Update_item_3":{"runAfter":{},"metadata":{"operationMetadataId":"a7264086-1a83-459b-b775-c22c80d0f35c"},"type":"OpenApiConnection","inputs":{"host":{"apiId":"/providers/Microsoft.PowerApps/apis/shared_sharepointonline","connectionName":"shared_sharepointonline","operationId":"PatchItem"},"parameters":{"dataset":"https://vvy62.sharepoint.com/sites/LAB-Exercises","table":"a34e019b-cd32-4130-b8d3-5887e5347870","id":"@triggerOutputs()?['body/ID']","item/Title":"@triggerOutputs()?['body/Title']","item/ApprovalStatus/Value":"Pending Approval","item/ApprovalComments":"@items('Apply_to_each')?['comments']","item/ApprovalPendingSince":"@null","item/ApprovalHistory":"Approved By @{items('Apply_to_each')?['responder/displayName']}\nResponse Date @{items('Apply_to_each')?['responseDate']}\nComments @{items('Apply_to_each')?['comments']}\nTime Taken @{div(sub(ticks(formatDateTime(item()?['responseDate'],'yyyy-MM-dd')),ticks(item()?['requestDate'])),864000000000)}\n\n*********************************************************\n\n@{outputs('Update_item_2')?['body/ApprovalHistory']}"},"authentication":"@parameters('$authentication')"}}},"runAfter":{},"metadata":{"operationMetadataId":"a1cd623c-1f71-4b82-be0e-ea701d9eedac"},"type":"Foreach"}},"runAfter":{"Set_variable_2":["Succeeded"]},"else":{"actions":{"Apply_to_each_2":{"foreach":"@outputs('Wait_for_an_approval_2')?['body/responses']","actions":{"Update_item_4":{"runAfter":{},"metadata":{"operationMetadataId":"a7264086-1a83-459b-b775-c22c80d0f35c"},"type":"OpenApiConnection","inputs":{"host":{"apiId":"/providers/Microsoft.PowerApps/apis/shared_sharepointonline","connectionName":"shared_sharepointonline","operationId":"PatchItem"},"parameters":{"dataset":"https://vvy62.sharepoint.com/sites/LAB-Exercises","table":"a34e019b-cd32-4130-b8d3-5887e5347870","id":"@triggerOutputs()?['body/ID']","item/Title":"@triggerOutputs()?['body/Title']","item/ApprovalStatus/Value":"Rejected","item/ApprovalComments":"Manager @{outputs('Get_manager_(V2)')?['body/displayName']} has Rejected\n@{items('Apply_to_each_2')?['comments']}"},"authentication":"@parameters('$authentication')"}}},"runAfter":{},"metadata":{"operationMetadataId":"50dea241-0cc8-455e-8d3e-065b35c0c5fb"},"type":"Foreach"},"Set_variable":{"runAfter":{"Apply_to_each_2":["Succeeded"]},"metadata":{"operationMetadataId":"2f6fada9-fba9-4eaa-8d33-ab183aee029e"},"type":"SetVariable","inputs":{"name":"varApprovalNeeded","value":"@false"}}}},"expression":{"equals":["@outputs('Wait_for_an_approval_2')?['body/outcome']","Approve"]},"metadata":{"operationMetadataId":"156c8907-be27-4183-b5e2-f6d0527708c9"},"type":"If"},"Create_an_approval_2":{"runAfter":{"Update_item_2":["Succeeded"]},"metadata":{"operationMetadataId":"99b1d620-b5c6-457e-a7f2-0c1e518da242"},"type":"OpenApiConnection","inputs":{"host":{"apiId":"/providers/Microsoft.PowerApps/apis/shared_approvals","connectionName":"shared_approvals","operationId":"CreateAnApproval"},"parameters":{"approvalType":"Basic","ApprovalCreationInput/title":"@{outputs('Update_item_2')?['body/RequestType/Value']} Approval for @{triggerOutputs()?['body/Author/DisplayName']}","ApprovalCreationInput/assignedTo":"@{outputs('Get_manager_(V2)')?['body/mail']};","ApprovalCreationInput/details":"@triggerOutputs()?['body/Description']","ApprovalCreationInput/itemLink":"@triggerOutputs()?['body/{Link}']","ApprovalCreationInput/itemLinkDescription":"@triggerOutputs()?['body/Title']","ApprovalCreationInput/enableNotifications":true,"ApprovalCreationInput/enableReassignment":true},"authentication":"@parameters('$authentication')"}},"Wait_for_an_approval_2":{"runAfter":{"Create_an_approval_2":["Succeeded"]},"metadata":{"operationMetadataId":"b6739d61-1061-468a-ad69-3c4891f0edd1"},"type":"OpenApiConnectionWebhook","inputs":{"host":{"apiId":"/providers/Microsoft.PowerApps/apis/shared_approvals","connectionName":"shared_approvals","operationId":"WaitForAnApproval"},"parameters":{"approvalName":"@outputs('Create_an_approval_2')?['body/name']"},"authentication":"@parameters('$authentication')"}},"Set_variable_2":{"runAfter":{"Wait_for_an_approval_2":["Succeeded"]},"metadata":{"operationMetadataId":"dade2f09-e94a-459b-9631-335cdc94d917"},"type":"SetVariable","inputs":{"name":"varIsManagerApprovalCompleted","value":"@true"}},"Do_until":{"actions":{"Delay":{"runAfter":{},"metadata":{"operationMetadataId":"53ad4019-3015-4ee5-850c-e1865919fd9b"},"type":"Wait","inputs":{"interval":{"count":30,"unit":"Second"}}},"Post_adaptive_card_in_a_chat_or_channel":{"runAfter":{"Delay":["Succeeded"]},"metadata":{"operationMetadataId":"8988802c-4a5d-4e3f-88a5-eb054d20754c"},"type":"OpenApiConnection","inputs":{"host":{"apiId":"/providers/Microsoft.PowerApps/apis/shared_teams","connectionName":"shared_teams","operationId":"PostCardToConversation"},"parameters":{"poster":"Flow bot","location":"Chat with Flow bot","body/recipient":"@{outputs('Get_manager_(V2)')?['body/mail']};","body/messageBody":"@outputs('Create_an_approval_2')?['body/adaptiveCard']"},"authentication":"@parameters('$authentication')"}}},"runAfter":{"Create_an_approval_2":["Succeeded"]},"expression":"@equals(variables('varIsManagerApprovalCompleted'), false)","limit":{"count":60,"timeout":"PT720H"},"metadata":{"operationMetadataId":"f3c4e4aa-ec4c-47cd-a554-37f801546beb"},"type":"Until"}},"runAfter":{},"else":{"actions":{"Update_item_5":{"runAfter":{},"metadata":{"operationMetadataId":"a7264086-1a83-459b-b775-c22c80d0f35c"},"type":"OpenApiConnection","inputs":{"host":{"apiId":"/providers/Microsoft.PowerApps/apis/shared_sharepointonline","connectionName":"shared_sharepointonline","operationId":"PatchItem"},"parameters":{"dataset":"https://vvy62.sharepoint.com/sites/LAB-Exercises","table":"a34e019b-cd32-4130-b8d3-5887e5347870","id":"@triggerOutputs()?['body/ID']","item/Title":"@triggerOutputs()?['body/Title']","item/ApprovalStatus/Value":"Pending Approval"},"authentication":"@parameters('$authentication')"}}}},"expression":{"equals":["@outputs('ApprovalInformation')['ManagerApproval']","@true"]},"metadata":{"operationMetadataId":"0f1b4efd-4774-4117-9b5e-59b3d307a188"},"type":"If"}},"runAfter":{},"metadata":{"operationMetadataId":"3e2ed67c-d40f-499f-8627-4fd0a7b5c99c"},"type":"Scope"},"Main_Approval":{"actions":{"Condition_4":{"actions":{"Select":{"runAfter":{},"metadata":{"operationMetadataId":"1bd86ad5-41aa-4e03-a3ab-622b3eb88db4"},"type":"Select","inputs":{"from":"@outputs('ApprovalInformation')['Approvers']","select":"@item()['Email']"}},"Create_an_approval":{"runAfter":{"Select":["Succeeded"]},"metadata":{"operationMetadataId":"376f7c1f-87b0-4dfd-909c-53e273aa0bc8"},"type":"OpenApiConnection","inputs":{"host":{"apiId":"/providers/Microsoft.PowerApps/apis/shared_approvals","connectionName":"shared_approvals","operationId":"CreateAnApproval"},"parameters":{"approvalType":"@if(equals(outputs('ApprovalInformation')['ApprovalType/Value'],'Everyone Must Respond'),'BasicAwaitAll','Basic')","ApprovalCreationInput":{"title":"@{triggerOutputs()?['body/RequestType/Value']}Approval","assignedTo":"@{join(body('Select'),';')}","enableNotifications":true,"enableReassignment":true}},"authentication":"@parameters('$authentication')"}},"Wait_for_an_approval":{"runAfter":{"Create_an_approval":["Succeeded"]},"metadata":{"operationMetadataId":"55a9d18a-10db-4af1-80ad-f6ec08f38bbb"},"type":"OpenApiConnectionWebhook","inputs":{"host":{"apiId":"/providers/Microsoft.PowerApps/apis/shared_approvals","connectionName":"shared_approvals","operationId":"WaitForAnApproval"},"parameters":{"approvalName":"@outputs('Create_an_approval')['body/name']"},"authentication":"@parameters('$authentication')"}},"Condition_5":{"actions":{"Apply_to_each_3":{"foreach":"@outputs('Wait_for_an_approval')?['body/responses']","actions":{"Update_item_6":{"runAfter":{},"metadata":{"operationMetadataId":"c2360456-7eda-4e5f-897a-e19e04094841"},"type":"OpenApiConnection","inputs":{"host":{"apiId":"/providers/Microsoft.PowerApps/apis/shared_sharepointonline","connectionName":"shared_sharepointonline","operationId":"PatchItem"},"parameters":{"dataset":"https://vvy62.sharepoint.com/sites/LAB-Exercises","table":"a34e019b-cd32-4130-b8d3-5887e5347870","id":"@triggerOutputs()?['body/ID']","item/Title":"@triggerOutputs()?['body/Title']","item/ApprovalStatus/Value":"Approved","item/ApprovalComments":"@outputs('Wait_for_an_approval')?['body/responseSummary']","item/ApprovalHistory":"✅ Approved By @{items('Apply_to_each_3')?['responder/displayName']}\n📅 Response Date @{items('Apply_to_each_3')?['responseDate']}\n📝 Comments @{items('Apply_to_each_3')?['comments']}\n⏱️ Time Taken @{div(sub(ticks(formatDateTime(item()?['responseDate'],'yyyy-MM-dd')),ticks(item()?['requestDate'])),864000000000)}\n\n*********************************************************\n\n@{outputs('Update_item_2')?['body/ApprovalHistory']}"},"authentication":"@parameters('$authentication')"}}},"runAfter":{},"metadata":{"operationMetadataId":"ce0ebb65-2dda-4b99-a505-0e701078021c"},"type":"Foreach"}},"runAfter":{"Wait_for_an_approval":["Succeeded"]},"else":{"actions":{"Apply_to_each_4":{"foreach":"@outputs('Wait_for_an_approval')?['body/responses']","actions":{"Update_item_7":{"runAfter":{},"metadata":{"operationMetadataId":"c109c421-4527-4967-93ef-dae335e3ae46"},"type":"OpenApiConnection","inputs":{"host":{"apiId":"/providers/Microsoft.PowerApps/apis/shared_sharepointonline","connectionName":"shared_sharepointonline","operationId":"PatchItem"},"parameters":{"dataset":"https://vvy62.sharepoint.com/sites/LAB-Exercises","table":"a34e019b-cd32-4130-b8d3-5887e5347870","id":"@triggerOutputs()?['body/ID']","item/Title":"@triggerOutputs()?['body/Title']","item/ApprovalStatus/Value":"Rejected","item/ApprovalComments":"@outputs('Wait_for_an_approval')?['body/responseSummary']","item/ApprovalHistory":"❌ Rejected By @{items('Apply_to_each_4')?['responder/displayName']}\n📅 Response Date @{items('Apply_to_each_4')?['responseDate']}\n📝 Comments @{items('Apply_to_each_4')?['comments']}\n⏱️ Time Taken @{div(sub(ticks(formatDateTime(item()?['responseDate'],'yyyy-MM-dd')),ticks(item()?['requestDate'])),864000000000)}\n\n*********************************************************\n\n@{outputs('Update_item_2')?['body/ApprovalHistory']}"},"authentication":"@parameters('$authentication')"}}},"runAfter":{},"metadata":{"operationMetadataId":"4a556561-2ea6-4d9a-816e-dccc2857f1c9"},"type":"Foreach"}}},"expression":{"not":{"contains":["@outputs('Wait_for_an_approval')?['body/outcome']","Reject"]}},"metadata":{"operationMetadataId":"4867ab12-a2a7-4647-8504-392d3df2eb7f"},"type":"If"}},"runAfter":{},"expression":{"equals":["@variables('varApprovalNeeded')","@true"]},"metadata":{"operationMetadataId":"66a12316-b0fa-4b63-a657-495284808b92"},"type":"If"}},"runAfter":{"Manager_Approval":["Succeeded"]},"metadata":{"operationMetadataId":"e4ce525d-416f-4bfb-a62b-70c1f0a33d9b"},"type":"Scope"}},"runAfter":{"Is_Manager_Approval_Completed":["Succeeded"]},"else":{"actions":{"Update_item":{"runAfter":{},"metadata":{"operationMetadataId":"e0f3e464-3a00-4066-b2a0-d3f9b136280b"},"type":"OpenApiConnection","inputs":{"host":{"apiId":"/providers/Microsoft.PowerApps/apis/shared_sharepointonline","connectionName":"shared_sharepointonline","operationId":"PatchItem"},"parameters":{"dataset":"https://vvy62.sharepoint.com/sites/LAB-Exercises","table":"a34e019b-cd32-4130-b8d3-5887e5347870","id":"@triggerOutputs()?['body/ID']","item/Title":"@triggerOutputs()?['body/Title']","item/Description":"@triggerOutputs()?['body/Description']","item/RequestType/Value":"@triggerOutputs()?['body/RequestType/Value']","item/Priority/Value":"@triggerOutputs()?['body/Priority/Value']","item/ApprovalStatus/Value":"Approved","item/ApprovalComments":"Auto Approved By System"},"authentication":"@parameters('$authentication')"}}}},"expression":{"equals":["@outputs('ApprovalInformation')['ApprovalRequired']","@true"]},"metadata":{"operationMetadataId":"77b65713-9e9e-4743-bf21-1e717ee43579"},"type":"If"},"Is_Approval_Needed":{"runAfter":{"ApprovalInformation":["Succeeded"]},"metadata":{"operationMetadataId":"641a6478-103c-4183-8e55-bd882f76fd54"},"type":"InitializeVariable","inputs":{"variables":[{"name":"varApprovalNeeded","type":"boolean","value":true}]}},"Is_Manager_Approval_Completed":{"runAfter":{"Is_Approval_Needed":["Succeeded"]},"metadata":{"operationMetadataId":"6b9a82da-03cf-4afd-9a76-70af43c8cffd"},"type":"InitializeVariable","inputs":{"variables":[{"name":"varIsManagerApprovalCompleted","type":"boolean","value":"@false"}]}}}},"connectionReferences":{"shared_sharepointonline":{"connectionName":"shared-sharepointonl-52e5ca3e-a459-4159-b444-995b91306fe5","source":"Embedded","id":"/providers/Microsoft.PowerApps/apis/shared_sharepointonline","tier":"NotSpecified"},"shared_office365users":{"connectionName":"shared-office365user-e8a161b8-b5d4-473c-ac65-f65cfdb2df2a","source":"Embedded","id":"/providers/Microsoft.PowerApps/apis/shared_office365users","tier":"NotSpecified"},"shared_approvals":{"connectionName":"shared-approvals-4149343d-1bc2-4975-89bd-567cddfb90d9","source":"Embedded","id":"/providers/Microsoft.PowerApps/apis/shared_approvals","tier":"NotSpecified"},"shared_teams":{"connectionName":"shared-teams-cec3d2a5-c1aa-4d93-80ba-3c0a1c561b99","source":"Embedded","id":"/providers/Microsoft.PowerApps/apis/shared_teams","tier":"NotSpecified"}},"flowFailureAlertSubscribed":false,"isManaged":false}}