{"name":"ed605a0e-46e0-4d89-9836-050cc8576ff7","id":"/providers/Microsoft.Flow/flows/ed605a0e-46e0-4d89-9836-050cc8576ff7","type":"Microsoft.Flow/flows","properties":{"apiId":"/providers/Microsoft.PowerApps/apis/shared_logicflows","displayName":"ExpenseReportingFlow","definition":{"metadata":{"workflowEntityId":null,"processAdvisorMetadata":null,"flowclientsuspensionreason":"None","flowclientsuspensiontime":null,"flowclientsuspensionreasondetails":null,"creator":{"id":"02542a63-8b58-4605-97c7-393f1020a1da","type":"User","tenantId":"6d68c0d7-dec9-4888-bc7a-772f73544415"},"provisioningMethod":"FromDefinition","failureAlertSubscription":true,"clientLastModifiedTime":"2022-07-16T02:33:19.3451397Z"},"$schema":"https://schema.management.azure.com/providers/Microsoft.Logic/schemas/2016-06-01/workflowdefinition.json#","contentVersion":"1.0.0.0","parameters":{"$connections":{"defaultValue":{},"type":"Object"},"$authentication":{"defaultValue":{},"type":"SecureObject"}},"triggers":{"When_an_item_is_created":{"recurrence":{"frequency":"Minute","interval":5},"splitOn":"@triggerOutputs()?['body/value']","metadata":{"operationMetadataId":"fd3916c0-8062-4945-8e8c-115fee345f49"},"type":"OpenApiConnection","inputs":{"host":{"apiId":"/providers/Microsoft.PowerApps/apis/shared_sharepointonline","connectionName":"shared_sharepointonline","operationId":"GetOnNewItems"},"parameters":{"dataset":"https://vvy62.sharepoint.com/sites/LAB-Exercises","table":"30abbbe5-3cb1-4878-9ada-637cc58c1212"},"authentication":"@parameters('$authentication')"}}},"actions":{"Approvers":{"runAfter":{},"metadata":{"operationMetadataId":"4ece4ba0-7254-4924-b7ba-c58f1b73b155"},"type":"InitializeVariable","inputs":{"variables":[{"name":"varArrApprovers","type":"array","value":"[\n  \"mym365admin@vvy62.onmicrosoft.com\",\n  \"AlexW@vvy62.onmicrosoft.com\",\n\n]"}]}},"Update_item":{"runAfter":{"Approvers":["Succeeded"]},"metadata":{"operationMetadataId":"6008fe74-5ac3-4273-bab4-9913e44e2135"},"type":"OpenApiConnection","inputs":{"host":{"apiId":"/providers/Microsoft.PowerApps/apis/shared_sharepointonline","connectionName":"shared_sharepointonline","operationId":"PatchItem"},"parameters":{"dataset":"https://vvy62.sharepoint.com/sites/LAB-Exercises","table":"30abbbe5-3cb1-4878-9ada-637cc58c1212","id":"@triggerOutputs()?['body/ID']","item/Title":"@triggerOutputs()?['body/Title']","item/StartDate":"@triggerOutputs()?['body/StartDate']","item/EndDate":"@triggerOutputs()?['body/EndDate']","item/Amount":"@triggerOutputs()?['body/Amount']","item/Description":"@triggerOutputs()?['body/Description']","item/ApprovalStatus/Value":"Pending"},"authentication":"@parameters('$authentication')"}},"Status":{"runAfter":{"Update_item":["Succeeded"]},"metadata":{"operationMetadataId":"543a08b1-bc11-44ec-a8ca-e536abe528fe"},"type":"InitializeVariable","inputs":{"variables":[{"name":"varStatus","type":"string","value":"Pending"}]}},"Apply_to_each":{"foreach":"@variables('varArrApprovers')","actions":{"Condition":{"actions":{"Start_and_wait_for_an_approval":{"runAfter":{},"metadata":{"operationMetadataId":"476e28f0-8db7-4ba9-a33a-b8574c1e4107"},"type":"OpenApiConnectionWebhook","inputs":{"host":{"apiId":"/providers/Microsoft.PowerApps/apis/shared_approvals","connectionName":"shared_approvals","operationId":"StartAndWaitForAnApproval"},"parameters":{"approvalType":"Basic","WebhookApprovalCreationInput/title":"Expense Report For - @{outputs('Update_item')?['body/Title']}","WebhookApprovalCreationInput/assignedTo":"@{item()};","WebhookApprovalCreationInput/details":"@{outputs('Update_item')?['body/Title']}\n@{outputs('Update_item')?['body/Amount']}","WebhookApprovalCreationInput/itemLink":"@outputs('Update_item')?['body/{Link}']","WebhookApprovalCreationInput/itemLinkDescription":"@outputs('Update_item')?['body/Title']","WebhookApprovalCreationInput/enableNotifications":true,"WebhookApprovalCreationInput/enableReassignment":true},"authentication":"@parameters('$authentication')"}},"Condition_2":{"actions":{"Condition_3":{"actions":{"Update_item_3":{"runAfter":{},"metadata":{"operationMetadataId":"e1890280-ebbe-47da-8b53-c5745211381b"},"type":"OpenApiConnection","inputs":{"host":{"apiId":"/providers/Microsoft.PowerApps/apis/shared_sharepointonline","connectionName":"shared_sharepointonline","operationId":"PatchItem"},"parameters":{"dataset":"https://vvy62.sharepoint.com/sites/LAB-Exercises","table":"30abbbe5-3cb1-4878-9ada-637cc58c1212","id":"@outputs('Update_item')?['body/ID']","item/Title":"@outputs('Update_item')?['body/Title']","item/StartDate":"@outputs('Update_item')?['body/StartDate']","item/EndDate":"@triggerOutputs()?['body/EndDate']","item/Amount":"@outputs('Update_item')?['body/Amount']","item/Description":"@outputs('Update_item')?['body/Description']","item/ApprovalStatus/Value":"Approved"},"authentication":"@parameters('$authentication')"}}},"runAfter":{},"expression":{"equals":["@length(variables('varArrApprovers'))","@variables('varCounter')"]},"metadata":{"operationMetadataId":"afbd0d82-9008-47ba-8104-0aaf16114848"},"type":"If"}},"runAfter":{"Increment_variable":["Succeeded"]},"else":{"actions":{"Update_item_2":{"runAfter":{},"metadata":{"operationMetadataId":"0a4678be-2539-4435-8c49-f66459b2d229"},"type":"OpenApiConnection","inputs":{"host":{"apiId":"/providers/Microsoft.PowerApps/apis/shared_sharepointonline","connectionName":"shared_sharepointonline","operationId":"PatchItem"},"parameters":{"dataset":"https://vvy62.sharepoint.com/sites/LAB-Exercises","table":"30abbbe5-3cb1-4878-9ada-637cc58c1212","id":"@outputs('Update_item')?['body/ID']","item/Title":"@outputs('Update_item')?['body/Title']","item/StartDate":"@outputs('Update_item')?['body/StartDate']","item/EndDate":"@triggerOutputs()?['body/EndDate']","item/Amount":"@outputs('Update_item')?['body/Amount']","item/Description":"@outputs('Update_item')?['body/Description']","item/ApprovalStatus/Value":"Rejected"},"authentication":"@parameters('$authentication')"}},"Set_variable":{"runAfter":{"Update_item_2":["Succeeded"]},"metadata":{"operationMetadataId":"3bd51ea7-3248-4880-91ae-bfb2020ab1d2"},"type":"SetVariable","inputs":{"name":"varStatus","value":"Rejected"}}}},"expression":{"equals":["@outputs('Start_and_wait_for_an_approval')?['body/outcome']","Approve"]},"metadata":{"operationMetadataId":"4ba11e54-e1d8-45dc-9e54-ff03c9a68bea"},"type":"If"},"Increment_variable":{"runAfter":{"Start_and_wait_for_an_approval":["Succeeded"]},"metadata":{"operationMetadataId":"012195d7-4802-4ebc-bddc-795b706eb87a"},"type":"IncrementVariable","inputs":{"name":"varCounter","value":1}}},"runAfter":{},"expression":{"not":{"equals":["@variables('varStatus')","Rejected"]}},"metadata":{"operationMetadataId":"05f56c43-6c73-4e3f-a6b0-7ba0efb751f1"},"type":"If"}},"runAfter":{"Initialize_variable":["Succeeded"]},"metadata":{"operationMetadataId":"96905326-6936-4e44-803a-cf7bdb05a2ff"},"type":"Foreach"},"Initialize_variable":{"runAfter":{"Status":["Succeeded"]},"metadata":{"operationMetadataId":"c4a6f622-fdf7-4c26-9054-f04b90760977"},"type":"InitializeVariable","inputs":{"variables":[{"name":"varCounter","type":"integer","value":0}]}}}},"connectionReferences":{"shared_sharepointonline":{"connectionName":"shared-sharepointonl-52e5ca3e-a459-4159-b444-995b91306fe5","source":"Embedded","id":"/providers/Microsoft.PowerApps/apis/shared_sharepointonline","tier":"NotSpecified"},"shared_approvals":{"connectionName":"shared-approvals-4149343d-1bc2-4975-89bd-567cddfb90d9","source":"Embedded","id":"/providers/Microsoft.PowerApps/apis/shared_approvals","tier":"NotSpecified"}},"flowFailureAlertSubscribed":false,"isManaged":false}}