{"name":"4d9acf87-e009-4880-a553-4c230b3eae5a","id":"/providers/Microsoft.Flow/flows/4d9acf87-e009-4880-a553-4c230b3eae5a","type":"Microsoft.Flow/flows","properties":{"apiId":"/providers/Microsoft.PowerApps/apis/shared_logicflows","displayName":"Excel Uploader Tool","definition":{"metadata":{"workflowEntityId":null,"processAdvisorMetadata":null,"flowclientsuspensionreason":"None","flowclientsuspensiontime":null,"flowclientsuspensionreasondetails":null,"creator":{"id":"02542a63-8b58-4605-97c7-393f1020a1da","type":"User","tenantId":"6d68c0d7-dec9-4888-bc7a-772f73544415"},"provisioningMethod":"FromDefinition","failureAlertSubscription":true,"clientLastModifiedTime":"2022-08-08T14:15:03.8135457Z"},"$schema":"https://schema.management.azure.com/providers/Microsoft.Logic/schemas/2016-06-01/workflowdefinition.json#","contentVersion":"1.0.0.0","parameters":{"$connections":{"defaultValue":{},"type":"Object"},"$authentication":{"defaultValue":{},"type":"SecureObject"}},"triggers":{"When_a_file_is_created_in_a_folder":{"recurrence":{"frequency":"Minute","interval":5},"metadata":{"%252fShared%2bDocuments%252fEmployeesQuarterlyAward":"/Shared Documents/EmployeesQuarterlyAward","operationMetadataId":"76869744-3664-4d44-ae6d-40ee9f316aa1"},"type":"OpenApiConnection","inputs":{"host":{"apiId":"/providers/Microsoft.PowerApps/apis/shared_sharepointonline","connectionName":"shared_sharepointonline","operationId":"OnNewFile"},"parameters":{"dataset":"https://vvy62.sharepoint.com/sites/LAB-Exercises","folderId":"%252fShared%2bDocuments%252fEmployeesQuarterlyAward","inferContentType":true},"authentication":"@parameters('$authentication')"},"conditions":[]}},"actions":{"Compose":{"runAfter":{},"metadata":{"operationMetadataId":"e60d4ab7-40fe-4b03-9d71-caf1edaead31"},"type":"Compose","inputs":"@if(contains(triggerOutputs()?['headers/x-ms-file-id'],'.xlsx'),true,false)"},"Condition":{"actions":{"ApplicationLogic":{"actions":{"Document_Library_ID":{"runAfter":{},"metadata":{"operationMetadataId":"04f54466-fb4e-427b-943e-12940d500280"},"type":"Compose","inputs":"@outputs('Get_Data_From_Uploaded_Excel')?['body']?['parentReference']?['driveid']"},"File_ID":{"runAfter":{"Document_Library_ID":["Succeeded"]},"metadata":{"operationMetadataId":"2a30603b-7953-4056-bac3-8ca637c36620"},"type":"Compose","inputs":"@body('Get_Data_From_Uploaded_Excel')?['Id']"},"Get_Uploaded_Excel_Worksheet":{"runAfter":{"File_ID":["Succeeded"]},"metadata":{"operationMetadataId":"4405eccf-85dd-4351-a6b0-f112ecb68a1f","tableId":null},"type":"OpenApiConnection","inputs":{"host":{"apiId":"/providers/Microsoft.PowerApps/apis/shared_excelonlinebusiness","connectionName":"shared_excelonlinebusiness","operationId":"GetAllWorksheets"},"parameters":{"source":"@variables('varApplicationContext')?['SiteAddress']","drive":"@outputs('Document_Library_ID')","file":"@outputs('File_ID')"},"authentication":"@parameters('$authentication')"}},"Create_table":{"runAfter":{"Get_Uploaded_Excel_Worksheet":["Succeeded"]},"metadata":{"operationMetadataId":"f531c9a1-2ab5-46bb-848e-364650b6f630","tableId":null},"type":"OpenApiConnection","inputs":{"host":{"apiId":"/providers/Microsoft.PowerApps/apis/shared_excelonlinebusiness","connectionName":"shared_excelonlinebusiness","operationId":"CreateTable"},"parameters":{"source":"@variables('varApplicationContext')?['SiteAddress']","drive":"@outputs('Document_Library_ID')","file":"@outputs('File_ID')","table/Range":"@variables('varApplicationContext')?['TableRange']"},"authentication":"@parameters('$authentication')"}},"Get_tables":{"runAfter":{"Create_table":["Succeeded"]},"metadata":{"operationMetadataId":"5ee827c8-3d2b-4aa4-b4fe-96ebe85700c1","tableId":null},"type":"OpenApiConnection","inputs":{"host":{"apiId":"/providers/Microsoft.PowerApps/apis/shared_excelonlinebusiness","connectionName":"shared_excelonlinebusiness","operationId":"GetTables"},"parameters":{"source":"@variables('varApplicationContext')?['SiteAddress']","drive":"@outputs('Document_Library_ID')","file":"@outputs('File_ID')"},"authentication":"@parameters('$authentication')"}},"List_rows_present_in_a_table":{"runAfter":{"Get_tables":["Succeeded"]},"metadata":{"operationMetadataId":"b6bc22a7-910d-452c-a206-c6dee6a52812","tableId":"@first(outputs('Get_tables')?['body/value'])?['id']"},"type":"OpenApiConnection","inputs":{"host":{"apiId":"/providers/Microsoft.PowerApps/apis/shared_excelonlinebusiness","connectionName":"shared_excelonlinebusiness","operationId":"GetItems"},"parameters":{"source":"@variables('varApplicationContext')?['SiteAddress']","drive":"@outputs('Document_Library_ID')","file":"@outputs('File_ID')","table":"@first(outputs('Get_tables')?['body/value'])?['id']"},"authentication":"@parameters('$authentication')"}},"Filter_array":{"runAfter":{"List_rows_present_in_a_table":["Succeeded"]},"metadata":{"operationMetadataId":"c2eafb2c-c509-4ec4-a088-a48c981b5994"},"type":"Query","inputs":{"from":"@outputs('List_rows_present_in_a_table')?['body/value']","where":"@not(equals(item()?['Title'], ''))"}},"Select_Records":{"runAfter":{"Filter_array":["Succeeded"]},"metadata":{"operationMetadataId":"3156822f-9fad-4fa0-a75a-ce7d3f390535"},"type":"Select","inputs":{"from":"@body('Filter_array')","select":{"Title":"@item()?['Title']","Manager":{"Claims":"@item()?['Manager']"},"AwardType":{"Value":"@item()?['AwardType']"},"Project":{"Id":"@item()?['Project']"},"AwardRecievedDate":"@addDays('1899-12-30', int(item()?['AwardRecievedDate']), 'dd-MM-yyyy')","Description":"@item()?['Description']","PointsRecieved":"@item()?['PointsRecieved']","ProfileLink":"@item()?['ProfileLink']"}}},"Loop":{"foreach":"@body('Select_Records')","actions":{"Create_item":{"runAfter":{},"metadata":{"operationMetadataId":"52d06df1-4c1f-48ca-8a2f-7ef0e7423f2a"},"type":"OpenApiConnection","inputs":{"host":{"apiId":"/providers/Microsoft.PowerApps/apis/shared_sharepointonline","connectionName":"shared_sharepointonline","operationId":"PostItem"},"parameters":{"dataset":"@variables('varApplicationContext')?['SiteAddress']","table":"@variables('varApplicationContext')?['DestinationListName']","item":"@items('Loop')"},"authentication":"@parameters('$authentication')"}}},"runAfter":{"Select_Records":["Succeeded"]},"metadata":{"operationMetadataId":"d2a78467-492f-4455-b3e8-9f38ebb28ddf"},"type":"Foreach"}},"runAfter":{},"metadata":{"operationMetadataId":"48f60170-2363-4d58-96ba-f8bab5c704c5"},"type":"Scope"},"Try":{"actions":{"Post_message_in_a_chat_or_channel":{"runAfter":{},"metadata":{"operationMetadataId":"9133e0fd-309c-4494-98b4-2f85b879a1a7"},"type":"OpenApiConnection","inputs":{"host":{"apiId":"/providers/Microsoft.PowerApps/apis/shared_teams","connectionName":"shared_teams","operationId":"PostMessageToConversation"},"parameters":{"poster":"Flow bot","location":"Chat with Flow bot","body/recipient":"@{outputs('Get_Data_From_Uploaded_Excel')?['body']?['createdBy']?['user']?['email']};","body/messageBody":"<p><span style=\"font-size: 18px\"><strong>SUCCESS: Excel Data Uploaded Successfully</strong></span></p>"},"authentication":"@parameters('$authentication')"}}},"runAfter":{"ApplicationLogic":["Succeeded"]},"metadata":{"operationMetadataId":"812b0d90-ecf7-4193-9185-ee565eaf6488"},"type":"Scope"},"Catch":{"actions":{"Post_message_in_a_chat_or_channel_-Failure_2":{"runAfter":{"Apply_to_each_2":["Succeeded"]},"metadata":{"operationMetadataId":"f4ccbd5e-ae5c-47c9-982e-ff9cc3fd30b9"},"type":"OpenApiConnection","inputs":{"host":{"apiId":"/providers/Microsoft.PowerApps/apis/shared_teams","connectionName":"shared_teams","operationId":"PostMessageToConversation"},"parameters":{"poster":"Flow bot","location":"Chat with Flow bot","body/recipient":"@{outputs('Get_Data_From_Uploaded_Excel')?['body']?['createdBy']?['user']?['email']};","body/messageBody":"<p><span style=\"font-size: 18px\"><strong>FAILED: Excel Data Uploaded Unsuccessfull</strong></span></p>"},"authentication":"@parameters('$authentication')"}},"Extract_Flow_Info_2":{"runAfter":{},"metadata":{"operationMetadataId":"6c2be551-e956-4723-94bb-8f1994a74be4"},"type":"Compose","inputs":"@workflow()"},"Build_Run_History_2":{"runAfter":{"Filter_Application_Logic_2":["Succeeded"]},"metadata":{"operationMetadataId":"e7cc435e-24fe-444f-ba5f-97e42af5068f"},"type":"Compose","inputs":"@concat('https://asia.flow.microsoft.com/manage/environments/', outputs('Extract_Flow_Info_2')['tags']['environmentName'], '/flows/', outputs('Extract_Flow_Info_2')['name'], '/runs/', outputs('Extract_Flow_Info_2')['run']['name'])"},"Filter_Application_Logic_2":{"runAfter":{"Extract_Flow_Info_2":["Succeeded"]},"metadata":{"operationMetadataId":"0c20c551-6ccd-4541-a04d-a543fbc61f7c"},"type":"Query","inputs":{"from":"@result('ApplicationLogic')","where":"@contains(createArray('Failed', 'TimedOut'), item()['status'])"}},"Apply_to_each_2":{"foreach":"@body('Filter_Application_Logic_2')","actions":{"Create_Error_Log_Into_Flow_Error_Log_List_2":{"runAfter":{},"metadata":{"operationMetadataId":"740843f1-7d33-4d84-91cf-baba68bdc199"},"type":"OpenApiConnection","inputs":{"host":{"apiId":"/providers/Microsoft.PowerApps/apis/shared_sharepointonline","connectionName":"shared_sharepointonline","operationId":"PostItem"},"parameters":{"dataset":"@variables('varApplicationContext')?['SiteAddress']","table":"@variables('varApplicationContext')?['FlowErrorLogListName']","item":{"Title":"@outputs('Extract_Flow_Info_2')?['tags']?['flowDisplayName']","StepName":"@item()?['name']","Status":"@item()?['status']","ErrorMessage":"@item()?['outputs']?['body']?['error']?['message']","RunHistoryUrl":"@outputs('Build_Run_History_2')"}},"authentication":"@parameters('$authentication')"}}},"runAfter":{"Build_Run_History_2":["Succeeded"]},"metadata":{"operationMetadataId":"160cc63b-ea67-405c-b072-b9ac23c5834b"},"type":"Foreach"}},"runAfter":{"ApplicationLogic":["Succeeded"]},"metadata":{"operationMetadataId":"7418efbf-9733-4271-8578-1159d5cdf3e1"},"type":"Scope"}},"runAfter":{"Get_Data_From_Uploaded_Excel":["Succeeded"]},"else":{"actions":{"Post_message_in_a_chat_or_channel_-Failure":{"runAfter":{},"metadata":{"operationMetadataId":"f4ccbd5e-ae5c-47c9-982e-ff9cc3fd30b9"},"type":"OpenApiConnection","inputs":{"host":{"apiId":"/providers/Microsoft.PowerApps/apis/shared_teams","connectionName":"shared_teams","operationId":"PostMessageToConversation"},"parameters":{"poster":"Flow bot","location":"Chat with Flow bot","body/recipient":"@{outputs('Get_Data_From_Uploaded_Excel')?['body']?['createdBy']?['user']?['email']};","body/messageBody":"<p><span style=\"font-size: 18px\"><strong>You have uploaded wrong file</strong></span></p>"},"authentication":"@parameters('$authentication')"}}}},"expression":{"equals":["@outputs('Compose')","@true"]},"metadata":{"operationMetadataId":"30acbda5-6298-42c2-a9b7-6d042aba70b1"},"type":"If"},"Application_Context":{"runAfter":{"Compose":["Succeeded"]},"metadata":{"operationMetadataId":"4fe2a333-2067-47fa-91df-40b1d74c645f"},"type":"InitializeVariable","inputs":{"variables":[{"name":"varApplicationContext","type":"object","value":{"SiteAddress":"https://vvy62.sharepoint.com/sites/LAB-Exercises","SourceFolderName":"EmployeesQuarterlyAward","DestinationListName":"EmployeesQuarterlyAward","FileName":"@{base64ToString(triggerOutputs()?['headers/x-ms-file-name-encoded'])}","TableRange":"A1:K500","FlowErrorLogListName":"FlowsErrorLogList"}}]}},"Get_Data_From_Uploaded_Excel":{"runAfter":{"Application_Context":["Succeeded"]},"metadata":{"operationMetadataId":"463fc9b9-a276-4ada-a31e-67559929b6d8"},"type":"OpenApiConnection","inputs":{"host":{"apiId":"/providers/Microsoft.PowerApps/apis/shared_sharepointonline","connectionName":"shared_sharepointonline","operationId":"HttpRequest"},"parameters":{"dataset":"@variables('varApplicationContext')?['SiteAddress']","parameters/method":"GET","parameters/uri":"_api/V2.0/drive/root:/@{variables('varApplicationContext')?['SourceFolderName']}/@{variables('varApplicationContext')?['FileName']}","parameters/headers":{"accept":"application/json"}},"authentication":"@parameters('$authentication')"}}}},"connectionReferences":{"shared_sharepointonline":{"connectionName":"shared-sharepointonl-17a43bac-4df1-49d1-bfb4-b2e6ca3b0e9f","source":"Embedded","id":"/providers/Microsoft.PowerApps/apis/shared_sharepointonline","tier":"NotSpecified"},"shared_excelonlinebusiness":{"connectionName":"0abfe26414494a96a1144aa35d85de9a","source":"Embedded","id":"/providers/Microsoft.PowerApps/apis/shared_excelonlinebusiness","tier":"NotSpecified"},"shared_teams":{"connectionName":"shared-teams-cec3d2a5-c1aa-4d93-80ba-3c0a1c561b99","source":"Embedded","id":"/providers/Microsoft.PowerApps/apis/shared_teams","tier":"NotSpecified"}},"flowFailureAlertSubscribed":false,"isManaged":false}}